{
    "vertices": [13.643,20.941,-8.66268,14.8051,19.0646,-4.46141,11.3618,23.1817,-0.785975,9.82197,25.6679,-6.35266,7.49456,22.8822,-0.714678,6.32965,24.7631,-4.92609,15.0189,20.3605,-6.62217,10.8762,25.1444,-3.32658,6.52261,24.491,-2.41419,6.61626,22.8396,-3.44734,9.95235,22.3692,-3.82968,13.6231,19.0998,-7.06887,6.52261,24.491,-2.41419,10.8762,25.1444,-3.32658,15.0189,20.3605,-6.62217,12.8,21.2491,-5.53324,13.9526,23.2902,-5.05748,14.1328,21.5902,-2.75064,12.7819,23.7715,-7.63462,13.9969,23.2195,-5.10132],
    "uvs": [[0.903431,0.518978,0.541823,0.513933,0.544821,0.010948,0.808745,0.071241,0.168007,0.530253,0.2863,0.040625,0.547306,0.489782,0.880143,0.47868,0.820534,0.06637,0.56393,0.023287,0.577538,0.74066,0.8647,0.682061,0.611238,0.998561,0.848284,0.898261,0.235815,0.974949,0.201911,0.752601,0.540324,0.765424,0.574222,0.999696,0.866879,0.740906,0.830327,0.962834]],
    "metadata": {
        "uvs": 1,
        "type": "Geometry",
        "faces": 9,
        "version": 3,
        "generator": "io_three",
        "vertices": 20,
        "materials": 1,
        "normals": 18
    },
    "name": "branchGeometry.7",
    "faces": [43,2,7,8,4,0,0,1,2,3,0,1,2,3,43,7,3,5,8,0,1,4,5,2,1,4,5,2,43,13,10,9,12,0,6,7,8,9,6,7,8,8,43,13,16,15,10,0,6,10,11,7,6,9,10,7,43,16,14,11,15,0,10,12,13,11,9,11,11,10,43,0,18,19,6,0,14,15,16,17,12,13,14,15,43,18,3,7,19,0,15,4,1,16,13,4,1,14,43,2,17,19,7,0,0,18,16,1,0,16,14,1,43,17,1,6,19,0,18,19,17,16,16,17,15,14],
    "materials": [{
        "mapDiffuse": "tree_branch.png",
        "mapDiffuseRepeat": [1,1],
        "mapDiffuseWrap": ["RepeatWrapping","RepeatWrapping"],
        "shading": "lambert",
        "mapDiffuseAnisotropy": 1,
        "doubleSided": true,
        "opacity": 0,
        "depthWrite": true,
        "DbgName": "branch",
        "blending": "NormalBlending",
        "colorDiffuse": [0.590239,0.59018,0.59018],
        "wireframe": false,
        "DbgIndex": 0,
        "DbgColor": 15658734,
        "colorEmissive": [0,0,0],
        "transparent": true,
        "visible": true,
        "depthTest": true
    }],
    "normals": [0.34315,0.756554,0.556597,0.28367,0.901975,0.32548,-0.079592,0.901791,0.424757,-0.011078,0.762902,0.646382,0.20716,0.976104,0.06534,-0.142277,0.974731,0.172094,-0.260903,0.339976,-0.9035,-0.25483,0.34077,-0.904935,-0.163579,0.350688,-0.922086,-0.314127,0.364513,-0.876583,-0.290414,0.39143,-0.873165,-0.250313,0.434858,-0.864986,0.825526,0.434523,-0.360027,0.69747,0.686361,-0.205908,0.801691,0.59621,0.042329,0.935606,0.33665,-0.106113,0.836085,0.462783,0.294534,0.965209,0.211432,0.153722]
}